{
	"properties": [
        {
            "id": "1",
            "type": "House",
            "bedrooms": 3,
            "price": 750000,
            "tenure": "Freehold",
            "description": "Attractive three bedroom semi-detached family home situated within 0.5 miles of Petts Wood station with fast trains to London and within easy walking distance of local shops, schools, bus routes and National Trust woodland. The property comprises; two receptions, fitted 18'9 x 10'1 kitchen/breakfast room and conservatory. The property also benefits from having a utility room and cloakroom. To the first floor there are three bedrooms and a family bathroom with separate WC. Additional features include double glazing, gas central heating and a well presented interior.",
            "location": "Petts Wood Road, Petts Wood, Orpington BR5",
            "url":"properties/prop1.html",
            "added": {
                "month":"October",
                "day":12,
                "year":2022
            },
            "googleMapLink": "https://www.google.com/maps?q=51.3860,0.1165",
            "coordinates": [51.3860, 0.1165],
            "floorPlan": "./assets/floorplan1.jpg",
            "images": ["./assets/property1_1.jpeg", "./assets/property1_2.jpeg", "./assets/property1_3.jpg", "./assets/property1_4.jpg", "./assets/property1_5.jpg", "./assets/property1_6.jpg"]
        },
        {
            "id": "2",
            "type": "Flat",
            "bedrooms": 2,
            "price": 399995,
            "tenure": "Freehold",            
            "description": "Presented in excellent decorative order throughout is this two double bedroom, two bathroom, garden flat. The modern fitted kitchen is open plan to the living room which boasts solid wooden floors and includes integrated appliances including a dishwasher & a washing machine. This large open plan benefits from bi folding doors onto a secluded private courtyard garden. Both bedrooms are double sized, and the family bathroom boasts a matching three piece suite a shower attachment over the bath. There is also a separate wet room. There are walnut doors throughout and wiring for Sky TV/aerial points in the living room/kitchen and both bedrooms. This apartment being only five years old, is still under a 10 year building guarantee.",
            "location": "Crofton Road, Orpington BR6",
            "url":"properties/prop2.html",
            "added": {
                "month":"September",
                "day":14,
                "year":2022
            },
            "googleMapLink": "https://www.google.com/maps?q=51.3737,0.0893",
            "coordinates": [51.3737, 0.0893],
            "floorPlan": "./assets/floorplan2.jpg",
            "images": ["./assets/property2_1.jpg", "./assets/property2_2.jpg", "./assets/property2_3.jpg", "./assets/property2_4.jpg", "./assets/property2_5.jpg", "./assets/property2_6.jpg"]
        },
        {
            "id": "3",
            "type": "Apartment",
            "bedrooms": 1,
            "price": 300000,
            "tenure": "Leasehold",
            "description": "This stunning one-bedroom apartment is located in the heart of the city, offering a modern lifestyle with easy access to local amenities and transport links. Featuring an open-plan kitchen and living area with floor-to-ceiling windows, a spacious double bedroom, and a contemporary bathroom. The building offers concierge services, a fitness center, and a rooftop terrace.",
            "location": "High Street, City Center, London EC1",
            "url": "properties/prop3.html",
            "added": {
                "month": "November",
                "day": 2,
                "year": 2022
            },
            "googleMapLink": "https://www.google.com/maps?q=51.5203,-0.0973",
            "coordinates": [51.5203, -0.0973],
            "floorPlan": "./assets/floorplan3.jpg",
            "images": ["./assets/property3_1.jpeg", "./assets/property3_2.jpeg", "./assets/property3_3.jpg", "./assets/property3_4.jpg", "./assets/property3_5.jpg", "./assets/property3_6.jpg"]
        },
        {
            "id": "4",
            "type": "Bungalow",
            "bedrooms": 4,
            "price": 850000,
            "tenure": "Freehold",
            "description": "Spacious four-bedroom detached bungalow located in a quiet cul-de-sac. This property offers a large living room, a separate dining area, a modern kitchen, and a well-maintained garden with a patio. The master bedroom features an en-suite shower room, and the remaining bedrooms are generously sized. Double garage and off-street parking included.",
            "location": "Meadow Close, Sevenoaks, Kent TN13",
            "url": "properties/prop4.html",
            "added": {
                "month": "August",
                "day": 15,
                "year": 2022
            },
            "googleMapLink": "https://www.google.com/maps?q=51.2763,0.1933",
            "coordinates": [51.2763, 0.1933],
            "floorPlan": "./assets/floorplan4.jpg",
            "images": ["./assets/property4_1.jpeg", "./assets/property4_2.jpeg", "./assets/property4_3.jpg", "./assets/property4_4.jpg", "./assets/property4_5.jpg", "./assets/property4_6.jpg"]
        },
        {
            "id": "5",
            "type": "Cottage",
            "bedrooms": 2,
            "price": 450000,
            "tenure": "Freehold",
            "description": "Charming two-bedroom cottage set in a picturesque village. The property boasts a cozy living room with a log burner, a country-style kitchen, and a beautifully landscaped garden with a pond. Both bedrooms have built-in wardrobes, and the bathroom includes a freestanding tub and shower. Located close to local pubs and walking trails.",
            "location": "Church Lane, Westerham TN16",
            "url": "properties/prop5.html",
            "added": {
                "month": "July",
                "day": 20,
                "year": 2022
            },
            "googleMapLink": "https://www.google.com/maps?q=51.2671,0.0721",
            "coordinates": [51.2671, 0.0721],
            "floorPlan": "./assets/floorplan5.jpg",
            "images": ["./assets/property5_1.jpg", "./assets/property5_2.jpg", "./assets/property5_3.jpg", "./assets/property5_4.jpg", "./assets/property5_5.jpg", "./assets/property5_6.jpg"]
        },
        {
            "id": "6",
            "type": "Townhouse",
            "bedrooms": 5,
            "price": 1200000,
            "tenure": "Freehold",
            "description": "Elegant five-bedroom townhouse in a prestigious neighborhood. Featuring a grand entrance hall, three reception rooms, a spacious kitchen with a dining area, and a private garden. The master suite includes a dressing room and en-suite bathroom, while additional bedrooms are bright and airy. Ample storage, a cellar, and a double garage complete this home.",
            "location": "Park Avenue, Richmond TW9",
            "url": "properties/prop6.html",
            "added": {
                "month": "June",
                "day": 5,
                "year": 2022
            },
            "googleMapLink": "https://www.google.com/maps?q=51.4632,-0.3018",
            "coordinates": [51.4632, -0.3018],
            "floorPlan": "./assets/floorplan6.jpg",
            "images": ["./assets/property6_1.jpg", "./assets/property6_2.jpg", "./assets/property6_3.jpg", "./assets/property6_4.jpg", "./assets/property6_5.jpg", "./assets/property6_6.jpg"]
        },
        {
            "id": "7",
            "type": "Duplex",
            "bedrooms": 3,
            "price": 675000,
            "tenure": "Leasehold",
            "description": "Immaculately presented three-bedroom duplex apartment with breathtaking river views. This property offers an open-plan living space, a modern kitchen with integrated appliances, and a private balcony. The master bedroom has an en-suite, and there is an additional family bathroom. Secure underground parking and a 24-hour concierge are included.",
            "location": "Riverside Walk, Greenwich SE10",
            "url": "properties/prop7.html",
            "added": {
                "month": "October",
                "day": 25,
                "year": 2022
            },
            "googleMapLink": "https://www.google.com/maps?q=51.4826,-0.0098",
            "coordinates": [51.4826, -0.0098],
            "floorPlan": "./assets/floorplan7.jpg",
            "images": ["./assets/property7_1.jpg", "./assets/property7_2.jpg", "./assets/property7_3.jpg", "./assets/property7_4.jpg", "./assets/property7_5.jpg", "./assets/property7_6.jpg"]
        },
        {
            "id": "8",
            "type": "House",
            "bedrooms": 3,
            "price": 450000,
            "tenure": "Freehold",
            "description": "A charming three-bedroom detached house located in a peaceful suburban neighborhood. This property features a spacious living room, a modern kitchen with dining space, and a beautiful garden. Perfect for families, it also includes a private driveway and a garage.",
            "location": "Maple Drive, Suburbia, Manchester M14",
            "url": "properties/prop4.html",
            "added": {
                "month": "October",
                "day": 15,
                "year": 2023
            },
            "googleMapLink": "https://www.google.com/maps?q=53.4508,-2.2297",
            "coordinates": [53.4508, -2.2297],
            "floorPlan": "./assets/floorplan8.jpg",
            "images": ["./assets/property8_1.jpg", "./assets/property8_2.jpg", "./assets/property8_3.jpg", "./assets/property8_4.jpg", "./assets/property8_5.jpg", "./assets/property8_6.jpg"]
        },
        {
            "id": "9",
            "type": "Penthouse",
            "bedrooms": 2,
            "price": 1200000,
            "tenure": "Leasehold",
            "description": "Experience luxury living in this exquisite two-bedroom penthouse offering panoramic city views. Boasting a large open-plan living and dining area, a modern kitchen with high-end appliances, and a private terrace. Residents enjoy exclusive access to a swimming pool, gym, and 24/7 concierge service.",
            "location": "Skyline Heights, Downtown, Birmingham B2",
            "url": "properties/prop5.html",
            "added": {
                "month": "December",
                "day": 1,
                "year": 2023
            },
            "googleMapLink": "https://www.google.com/maps?q=52.4814,-1.8998",
            "coordinates": [52.4814, -1.8998],
            "floorPlan": "./assets/floorplan9.jpg",
            "images": ["./assets/property9_1.jpg", "./assets/property9_2.jpg", "./assets/property9_3.jpg", "./assets/property9_4.jpg", "./assets/property9_5.jpg", "./assets/property9_6.jpg"]
        }
    ]
}
